,frame_id,Timestamp
0,1,2025-12-12 11:45:27.688636
1,2,2025-12-12 11:45:28.065775
2,3,2025-12-12 11:45:28.079106
3,4,2025-12-12 11:45:28.088760
4,5,2025-12-12 11:45:28.099827
5,6,2025-12-12 11:45:28.109390
6,7,2025-12-12 11:45:28.116515
7,8,2025-12-12 11:45:28.123112
8,9,2025-12-12 11:45:28.128893
9,10,2025-12-12 11:45:28.142826
10,11,2025-12-12 11:45:28.151822
11,12,2025-12-12 11:45:28.159425
12,13,2025-12-12 11:45:28.166477
13,14,2025-12-12 11:45:28.175713
14,15,2025-12-12 11:45:28.182314
15,16,2025-12-12 11:45:28.188837
16,17,2025-12-12 11:45:28.194863
17,18,2025-12-12 11:45:28.202989
18,19,2025-12-12 11:45:28.209989
19,20,2025-12-12 11:45:28.219057
20,21,2025-12-12 11:45:28.225452
21,22,2025-12-12 11:45:28.231651
22,23,2025-12-12 11:45:28.237168
23,24,2025-12-12 11:45:28.244199
24,25,2025-12-12 11:45:28.251566
25,26,2025-12-12 11:45:28.257527
26,27,2025-12-12 11:45:28.266942
27,28,2025-12-12 11:45:28.272559
28,29,2025-12-12 11:45:28.282729
29,30,2025-12-12 11:45:28.287728
30,31,2025-12-12 11:45:28.298871
31,32,2025-12-12 11:45:28.303855
32,33,2025-12-12 11:45:28.314037
33,34,2025-12-12 11:45:28.320208
34,35,2025-12-12 11:45:28.328224
35,36,2025-12-12 11:45:28.335309
36,37,2025-12-12 11:45:28.342942
37,38,2025-12-12 11:45:28.351068
38,39,2025-12-12 11:45:28.358121
39,40,2025-12-12 11:45:28.363085
40,41,2025-12-12 11:45:28.374107
41,42,2025-12-12 11:45:28.384083
42,43,2025-12-12 11:45:28.394087
43,44,2025-12-12 11:45:28.405087
44,45,2025-12-12 11:45:28.415098
45,46,2025-12-12 11:45:28.425098
46,47,2025-12-12 11:45:28.434625
47,48,2025-12-12 11:45:28.444624
48,49,2025-12-12 11:45:28.454628
49,50,2025-12-12 11:45:28.466626
50,51,2025-12-12 11:45:28.476626
51,52,2025-12-12 11:45:28.487140
52,53,2025-12-12 11:45:28.496343
53,54,2025-12-12 11:45:28.505646
54,55,2025-12-12 11:45:28.513645
55,56,2025-12-12 11:45:28.522846
56,57,2025-12-12 11:45:28.529660
57,58,2025-12-12 11:45:28.535657
58,59,2025-12-12 11:45:28.542851
59,60,2025-12-12 11:45:28.548372
60,61,2025-12-12 11:45:28.554804
61,62,2025-12-12 11:45:28.563499
62,63,2025-12-12 11:45:28.570501
63,64,2025-12-12 11:45:28.579498
64,65,2025-12-12 11:45:28.586408
65,66,2025-12-12 11:45:28.594604
66,67,2025-12-12 11:45:28.600534
67,68,2025-12-12 11:45:28.607141
68,69,2025-12-12 11:45:28.613222
69,70,2025-12-12 11:45:28.619233
70,71,2025-12-12 11:45:28.625594
71,72,2025-12-12 11:45:28.632125
72,73,2025-12-12 11:45:28.639235
73,74,2025-12-12 11:45:28.646350
74,75,2025-12-12 11:45:28.653458
75,76,2025-12-12 11:45:28.660346
76,77,2025-12-12 11:45:28.667346
77,78,2025-12-12 11:45:28.673658
78,79,2025-12-12 11:45:28.680625
79,80,2025-12-12 11:45:28.687667
80,81,2025-12-12 11:45:28.696100
81,82,2025-12-12 11:45:28.705297
82,83,2025-12-12 11:45:28.713699
83,84,2025-12-12 11:45:28.721755
84,85,2025-12-12 11:45:28.727783
85,86,2025-12-12 11:45:28.733461
86,87,2025-12-12 11:45:28.739366
87,88,2025-12-12 11:45:28.746368
88,89,2025-12-12 11:45:28.751460
89,90,2025-12-12 11:45:28.756940
90,91,2025-12-12 11:45:28.763070
91,92,2025-12-12 11:45:28.768165
92,93,2025-12-12 11:45:28.773400
93,94,2025-12-12 11:45:28.779400
94,95,2025-12-12 11:45:28.784493
95,96,2025-12-12 11:45:28.790396
96,97,2025-12-12 11:45:28.796437
97,98,2025-12-12 11:45:28.801477
98,99,2025-12-12 11:45:28.810733
99,100,2025-12-12 11:45:28.816850
100,101,2025-12-12 11:45:28.827099
101,102,2025-12-12 11:45:28.836991
102,103,2025-12-12 11:45:28.844273
103,104,2025-12-12 11:45:28.849368
104,105,2025-12-12 11:45:28.855236
105,106,2025-12-12 11:45:28.861784
106,107,2025-12-12 11:45:28.866656
107,108,2025-12-12 11:45:28.873747
108,109,2025-12-12 11:45:28.879829
109,110,2025-12-12 11:45:28.892150
110,111,2025-12-12 11:45:28.901143
111,112,2025-12-12 11:45:28.908698
112,113,2025-12-12 11:45:28.914746
113,114,2025-12-12 11:45:28.922831
114,115,2025-12-12 11:45:28.928901
115,116,2025-12-12 11:45:28.934819
116,117,2025-12-12 11:45:28.941261
117,118,2025-12-12 11:45:28.947157
118,119,2025-12-12 11:45:28.954160
119,120,2025-12-12 11:45:28.960794
120,121,2025-12-12 11:45:28.967395
121,122,2025-12-12 11:45:28.974620
122,123,2025-12-12 11:45:28.980521
123,124,2025-12-12 11:45:28.987521
124,125,2025-12-12 11:45:28.994553
125,126,2025-12-12 11:45:29.001550
126,127,2025-12-12 11:45:29.009883
127,128,2025-12-12 11:45:29.016928
128,129,2025-12-12 11:45:29.024728
129,130,2025-12-12 11:45:29.031121
130,131,2025-12-12 11:45:29.038122
131,132,2025-12-12 11:45:29.045180
132,133,2025-12-12 11:45:29.053393
133,134,2025-12-12 11:45:29.060390
134,135,2025-12-12 11:45:29.067715
135,136,2025-12-12 11:45:29.073779
136,137,2025-12-12 11:45:29.082743
137,138,2025-12-12 11:45:29.088804
138,139,2025-12-12 11:45:29.094741
139,140,2025-12-12 11:45:29.101871
140,141,2025-12-12 11:45:29.108237
141,142,2025-12-12 11:45:29.115628
142,143,2025-12-12 11:45:29.122258
143,144,2025-12-12 11:45:29.129226
144,145,2025-12-12 11:45:29.135797
145,146,2025-12-12 11:45:29.141803
146,147,2025-12-12 11:45:29.148803
147,148,2025-12-12 11:45:29.155867
148,149,2025-12-12 11:45:29.166024
149,150,2025-12-12 11:45:29.173068
150,151,2025-12-12 11:45:29.180307
151,152,2025-12-12 11:45:29.186309
152,153,2025-12-12 11:45:29.192472
153,154,2025-12-12 11:45:29.199144
154,155,2025-12-12 11:45:29.204028
155,156,2025-12-12 11:45:29.212283
156,157,2025-12-12 11:45:29.218327
157,158,2025-12-12 11:45:29.227646
158,159,2025-12-12 11:45:29.233325
159,160,2025-12-12 11:45:29.240051
160,161,2025-12-12 11:45:29.246146
161,162,2025-12-12 11:45:29.252223
162,163,2025-12-12 11:45:29.259838
163,164,2025-12-12 11:45:29.265838
164,165,2025-12-12 11:45:29.271246
165,166,2025-12-12 11:45:29.277565
166,167,2025-12-12 11:45:29.282466
167,168,2025-12-12 11:45:29.290528
168,169,2025-12-12 11:45:29.296627
169,170,2025-12-12 11:45:29.302726
170,171,2025-12-12 11:45:29.309269
171,172,2025-12-12 11:45:29.314389
172,173,2025-12-12 11:45:29.322444
173,174,2025-12-12 11:45:29.328008
174,175,2025-12-12 11:45:29.337593
175,176,2025-12-12 11:45:29.343730
176,177,2025-12-12 11:45:29.348626
177,178,2025-12-12 11:45:29.354638
178,179,2025-12-12 11:45:29.360750
179,180,2025-12-12 11:45:29.371676
180,181,2025-12-12 11:45:29.382121
181,182,2025-12-12 11:45:29.390211
182,183,2025-12-12 11:45:29.397113
183,184,2025-12-12 11:45:29.403118
184,185,2025-12-12 11:45:29.409463
185,186,2025-12-12 11:45:29.415153
186,187,2025-12-12 11:45:29.420205
187,188,2025-12-12 11:45:29.426564
188,189,2025-12-12 11:45:29.434157
189,190,2025-12-12 11:45:29.440418
190,191,2025-12-12 11:45:29.445970
191,192,2025-12-12 11:45:29.452068
192,193,2025-12-12 11:45:29.457971
193,194,2025-12-12 11:45:29.465977
194,195,2025-12-12 11:45:29.471370
195,196,2025-12-12 11:45:29.477795
196,197,2025-12-12 11:45:29.483881
197,198,2025-12-12 11:45:29.489759
198,199,2025-12-12 11:45:29.500759
199,200,2025-12-12 11:45:29.510412
200,201,2025-12-12 11:45:29.517853
201,202,2025-12-12 11:45:29.524854
202,203,2025-12-12 11:45:29.544337
203,204,2025-12-12 11:45:29.551918
204,205,2025-12-12 11:45:29.560058
205,206,2025-12-12 11:45:29.568616
206,207,2025-12-12 11:45:29.576021
207,208,2025-12-12 11:45:29.584059
208,209,2025-12-12 11:45:29.593021
209,210,2025-12-12 11:45:29.601021
210,211,2025-12-12 11:45:29.609021
211,212,2025-12-12 11:45:29.618034
212,213,2025-12-12 11:45:29.627534
213,214,2025-12-12 11:45:29.637407
214,215,2025-12-12 11:45:29.646406
215,216,2025-12-12 11:45:29.654409
216,217,2025-12-12 11:45:29.664514
217,218,2025-12-12 11:45:29.671844
218,219,2025-12-12 11:45:29.680435
219,220,2025-12-12 11:45:29.688439
220,221,2025-12-12 11:45:29.697377
221,222,2025-12-12 11:45:29.703606
222,223,2025-12-12 11:45:29.713188
223,224,2025-12-12 11:45:29.719191
224,225,2025-12-12 11:45:29.727523
225,226,2025-12-12 11:45:29.735046
226,227,2025-12-12 11:45:29.745334
227,228,2025-12-12 11:45:29.754482
228,229,2025-12-12 11:45:29.762934
229,230,2025-12-12 11:45:29.773354
230,231,2025-12-12 11:45:29.781633
231,232,2025-12-12 11:45:29.788010
232,233,2025-12-12 11:45:29.796349
233,234,2025-12-12 11:45:29.803348
234,235,2025-12-12 11:45:29.810364
235,236,2025-12-12 11:45:29.816577
236,237,2025-12-12 11:45:29.823117
237,238,2025-12-12 11:45:29.829150
238,239,2025-12-12 11:45:29.835921
239,240,2025-12-12 11:45:29.841475
240,241,2025-12-12 11:45:29.849647
241,242,2025-12-12 11:45:29.855668
242,243,2025-12-12 11:45:29.861647
243,244,2025-12-12 11:45:29.867799
244,245,2025-12-12 11:45:29.873316
245,246,2025-12-12 11:45:29.883479
246,247,2025-12-12 11:45:29.890341
247,248,2025-12-12 11:45:29.896338
248,249,2025-12-12 11:45:29.902726
249,250,2025-12-12 11:45:29.908772
250,251,2025-12-12 11:45:29.914778
251,252,2025-12-12 11:45:29.920827
252,253,2025-12-12 11:45:29.927321
253,254,2025-12-12 11:45:29.933357
254,255,2025-12-12 11:45:29.938421
255,256,2025-12-12 11:45:29.946744
256,257,2025-12-12 11:45:29.953037
257,258,2025-12-12 11:45:29.967573
258,259,2025-12-12 11:45:29.980569
259,260,2025-12-12 11:45:29.988999
260,261,2025-12-12 11:45:29.995993
261,262,2025-12-12 11:45:30.004219
262,263,2025-12-12 11:45:30.012360
263,264,2025-12-12 11:45:30.019021
264,265,2025-12-12 11:45:30.025188
265,266,2025-12-12 11:45:30.032930
266,267,2025-12-12 11:45:30.041529
267,268,2025-12-12 11:45:30.047848
268,269,2025-12-12 11:45:30.054594
269,270,2025-12-12 11:45:30.062592
270,271,2025-12-12 11:45:30.068732
271,272,2025-12-12 11:45:30.075945
272,273,2025-12-12 11:45:30.083049
273,274,2025-12-12 11:45:30.091349
274,275,2025-12-12 11:45:30.098760
275,276,2025-12-12 11:45:30.105762
276,277,2025-12-12 11:45:30.112328
277,278,2025-12-12 11:45:30.118610
278,279,2025-12-12 11:45:30.126130
279,280,2025-12-12 11:45:30.132542
280,281,2025-12-12 11:45:30.138543
281,282,2025-12-12 11:45:30.146066
282,283,2025-12-12 11:45:30.152061
283,284,2025-12-12 11:45:30.158877
284,285,2025-12-12 11:45:30.168858
285,286,2025-12-12 11:45:30.179844
286,287,2025-12-12 11:45:30.187111
287,288,2025-12-12 11:45:30.194110
288,289,2025-12-12 11:45:30.200142
289,290,2025-12-12 11:45:30.206651
290,291,2025-12-12 11:45:30.211554
291,292,2025-12-12 11:45:30.217605
292,293,2025-12-12 11:45:30.225418
293,294,2025-12-12 11:45:30.231634
294,295,2025-12-12 11:45:30.240017
295,296,2025-12-12 11:45:30.245921
296,297,2025-12-12 11:45:30.251964
297,298,2025-12-12 11:45:30.258666
298,299,2025-12-12 11:45:30.267153
299,300,2025-12-12 11:45:30.273204
300,301,2025-12-12 11:45:30.282807
301,302,2025-12-12 11:45:30.288915
302,303,2025-12-12 11:45:30.298562
303,304,2025-12-12 11:45:30.304604
304,305,2025-12-12 11:45:30.311244
305,306,2025-12-12 11:45:30.317343
306,307,2025-12-12 11:45:30.323303
307,308,2025-12-12 11:45:30.332670
308,309,2025-12-12 11:45:30.337639
309,310,2025-12-12 11:45:30.346412
310,311,2025-12-12 11:45:30.355378
311,312,2025-12-12 11:45:30.364797
312,313,2025-12-12 11:45:30.369764
313,314,2025-12-12 11:45:30.377485
314,315,2025-12-12 11:45:30.384520
315,316,2025-12-12 11:45:30.392763
316,317,2025-12-12 11:45:30.399765
317,318,2025-12-12 11:45:30.406760
318,319,2025-12-12 11:45:30.413754
319,320,2025-12-12 11:45:30.420808
320,321,2025-12-12 11:45:30.428082
321,322,2025-12-12 11:45:30.435090
322,323,2025-12-12 11:45:30.443040
323,324,2025-12-12 11:45:30.450145
324,325,2025-12-12 11:45:30.458186
325,326,2025-12-12 11:45:30.466253
326,327,2025-12-12 11:45:30.474256
327,328,2025-12-12 11:45:30.484226
328,329,2025-12-12 11:45:30.490357
329,330,2025-12-12 11:45:30.497895
330,331,2025-12-12 11:45:30.505552
331,332,2025-12-12 11:45:30.511587
332,333,2025-12-12 11:45:30.517593
333,334,2025-12-12 11:45:30.524030
334,335,2025-12-12 11:45:30.529952
335,336,2025-12-12 11:45:30.538999
336,337,2025-12-12 11:45:30.545523
337,338,2025-12-12 11:45:30.551551
338,339,2025-12-12 11:45:30.557655
339,340,2025-12-12 11:45:30.564205
340,341,2025-12-12 11:45:30.570208
341,342,2025-12-12 11:45:30.577548
342,343,2025-12-12 11:45:30.583548
343,344,2025-12-12 11:45:30.589994
344,345,2025-12-12 11:45:30.599014
345,346,2025-12-12 11:45:30.605741
346,347,2025-12-12 11:45:30.615898
347,348,2025-12-12 11:45:30.621901
348,349,2025-12-12 11:45:30.629895
349,350,2025-12-12 11:45:30.637409
350,351,2025-12-12 11:45:30.645450
351,352,2025-12-12 11:45:30.652783
352,353,2025-12-12 11:45:30.659780
353,354,2025-12-12 11:45:30.666889
354,355,2025-12-12 11:45:30.674890
355,356,2025-12-12 11:45:30.681890
356,357,2025-12-12 11:45:30.690008
357,358,2025-12-12 11:45:30.697007
358,359,2025-12-12 11:45:30.703982
359,360,2025-12-12 11:45:30.710973
360,361,2025-12-12 11:45:30.718570
361,362,2025-12-12 11:45:30.725237
362,363,2025-12-12 11:45:30.732802
363,364,2025-12-12 11:45:30.738803
364,365,2025-12-12 11:45:30.744840
365,366,2025-12-12 11:45:30.752834
366,367,2025-12-12 11:45:30.760360
367,368,2025-12-12 11:45:30.767358
368,369,2025-12-12 11:45:30.774331
369,370,2025-12-12 11:45:30.781818
370,371,2025-12-12 11:45:30.786822
371,372,2025-12-12 11:45:30.798845
372,373,2025-12-12 11:45:30.803846
373,374,2025-12-12 11:45:30.813417
374,375,2025-12-12 11:45:30.819430
375,376,2025-12-12 11:45:30.828620
376,377,2025-12-12 11:45:30.836204
377,378,2025-12-12 11:45:30.842201
378,379,2025-12-12 11:45:30.849231
379,380,2025-12-12 11:45:30.855665
380,381,2025-12-12 11:45:30.862754
381,382,2025-12-12 11:45:30.868748
382,383,2025-12-12 11:45:30.874988
383,384,2025-12-12 11:45:30.881082
384,385,2025-12-12 11:45:30.887412
385,386,2025-12-12 11:45:30.893540
386,387,2025-12-12 11:45:30.904418
387,388,2025-12-12 11:45:30.913744
388,389,2025-12-12 11:45:30.922788
389,390,2025-12-12 11:45:30.940987
390,391,2025-12-12 11:45:30.948420
391,392,2025-12-12 11:45:30.954429
392,393,2025-12-12 11:45:30.961509
393,394,2025-12-12 11:45:30.968427
394,395,2025-12-12 11:45:30.975189
395,396,2025-12-12 11:45:30.981089
396,397,2025-12-12 11:45:30.987098
397,398,2025-12-12 11:45:30.994277
398,399,2025-12-12 11:45:31.000830
399,400,2025-12-12 11:45:31.006929
400,401,2025-12-12 11:45:31.017929
401,402,2025-12-12 11:45:31.027909
402,403,2025-12-12 11:45:31.034469
403,404,2025-12-12 11:45:31.040470
404,405,2025-12-12 11:45:31.046473
405,406,2025-12-12 11:45:31.052483
406,407,2025-12-12 11:45:31.058469
407,408,2025-12-12 11:45:31.066469
408,409,2025-12-12 11:45:31.072743
409,410,2025-12-12 11:45:31.079775
410,411,2025-12-12 11:45:31.085856
411,412,2025-12-12 11:45:31.099181
412,413,2025-12-12 11:45:31.110497
413,414,2025-12-12 11:45:31.118539
414,415,2025-12-12 11:45:31.125535
415,416,2025-12-12 11:45:31.132090
416,417,2025-12-12 11:45:31.138307
417,418,2025-12-12 11:45:31.149296
418,419,2025-12-12 11:45:31.157390
419,420,2025-12-12 11:45:31.164391
420,421,2025-12-12 11:45:31.171393
421,422,2025-12-12 11:45:31.178390
422,423,2025-12-12 11:45:31.185429
423,424,2025-12-12 11:45:31.192488
424,425,2025-12-12 11:45:31.199516
425,426,2025-12-12 11:45:31.208740
426,427,2025-12-12 11:45:31.216653
427,428,2025-12-12 11:45:31.225378
428,429,2025-12-12 11:45:31.233841
429,430,2025-12-12 11:45:31.241842
430,431,2025-12-12 11:45:31.248940
431,432,2025-12-12 11:45:31.254823
432,433,2025-12-12 11:45:31.260953
433,434,2025-12-12 11:45:31.266845
434,435,2025-12-12 11:45:31.274840
435,436,2025-12-12 11:45:31.280937
436,437,2025-12-12 11:45:31.286840
437,438,2025-12-12 11:45:31.294289
438,439,2025-12-12 11:45:31.300177
439,440,2025-12-12 11:45:31.309010
440,441,2025-12-12 11:45:31.315011
441,442,2025-12-12 11:45:31.322493
442,443,2025-12-12 11:45:31.328622
443,444,2025-12-12 11:45:31.334098
444,445,2025-12-12 11:45:31.340606
445,446,2025-12-12 11:45:31.346641
446,447,2025-12-12 11:45:31.355146
447,448,2025-12-12 11:45:31.361298
448,449,2025-12-12 11:45:31.370692
449,450,2025-12-12 11:45:31.378196
450,451,2025-12-12 11:45:31.386163
451,452,2025-12-12 11:45:31.393295
452,453,2025-12-12 11:45:31.399199
453,454,2025-12-12 11:45:31.405211
454,455,2025-12-12 11:45:31.411200
455,456,2025-12-12 11:45:31.418241
456,457,2025-12-12 11:45:31.424821
457,458,2025-12-12 11:45:31.431379
458,459,2025-12-12 11:45:31.436979
459,460,2025-12-12 11:45:31.443375
460,461,2025-12-12 11:45:31.450373
461,462,2025-12-12 11:45:31.456337
462,463,2025-12-12 11:45:31.462337
463,464,2025-12-12 11:45:31.468463
464,465,2025-12-12 11:45:31.475658
465,466,2025-12-12 11:45:31.484914
466,467,2025-12-12 11:45:31.492803
467,468,2025-12-12 11:45:31.498800
468,469,2025-12-12 11:45:31.505867
469,470,2025-12-12 11:45:31.512865
470,471,2025-12-12 11:45:31.521161
471,472,2025-12-12 11:45:31.529188
472,473,2025-12-12 11:45:31.535774
473,474,2025-12-12 11:45:31.542773
474,475,2025-12-12 11:45:31.550953
475,476,2025-12-12 11:45:31.556476
476,477,2025-12-12 11:45:31.564468
477,478,2025-12-12 11:45:31.570477
478,479,2025-12-12 11:45:31.578509
479,480,2025-12-12 11:45:31.585507
480,481,2025-12-12 11:45:31.591572
481,482,2025-12-12 11:45:31.598642
482,483,2025-12-12 11:45:31.603607
483,484,2025-12-12 11:45:31.613091
484,485,2025-12-12 11:45:31.619146
485,486,2025-12-12 11:45:31.626307
486,487,2025-12-12 11:45:31.631907
487,488,2025-12-12 11:45:31.637267
488,489,2025-12-12 11:45:31.644296
489,490,2025-12-12 11:45:31.650294
490,491,2025-12-12 11:45:31.659959
491,492,2025-12-12 11:45:31.665089
492,493,2025-12-12 11:45:31.675085
493,494,2025-12-12 11:45:31.681088
494,495,2025-12-12 11:45:31.690810
495,496,2025-12-12 11:45:31.697056
496,497,2025-12-12 11:45:31.703305
497,498,2025-12-12 11:45:31.710412
498,499,2025-12-12 11:45:31.716392
499,500,2025-12-12 11:45:31.724478
500,501,2025-12-12 11:45:31.731990
501,502,2025-12-12 11:45:31.738999
502,503,2025-12-12 11:45:31.746519
503,504,2025-12-12 11:45:31.753516
504,505,2025-12-12 11:45:31.760642
505,506,2025-12-12 11:45:31.767638
506,507,2025-12-12 11:45:31.774658
507,508,2025-12-12 11:45:31.782032
508,509,2025-12-12 11:45:31.788555
509,510,2025-12-12 11:45:31.794549
510,511,2025-12-12 11:45:31.802549
511,512,2025-12-12 11:45:31.809552
512,513,2025-12-12 11:45:31.815774
513,514,2025-12-12 11:45:31.821804
514,515,2025-12-12 11:45:31.828324
515,516,2025-12-12 11:45:31.834898
516,517,2025-12-12 11:45:31.840900
517,518,2025-12-12 11:45:31.848122
518,519,2025-12-12 11:45:31.853290
519,520,2025-12-12 11:45:31.861822
520,521,2025-12-12 11:45:31.868835
521,522,2025-12-12 11:45:31.876078
522,523,2025-12-12 11:45:31.882291
523,524,2025-12-12 11:45:31.890569
524,525,2025-12-12 11:45:31.897569
525,526,2025-12-12 11:45:31.904571
526,527,2025-12-12 11:45:31.911928
527,528,2025-12-12 11:45:31.918987
528,529,2025-12-12 11:45:31.927069
529,530,2025-12-12 11:45:31.934208
530,531,2025-12-12 11:45:31.940507
531,532,2025-12-12 11:45:31.947603
532,533,2025-12-12 11:45:31.954127
533,534,2025-12-12 11:45:31.960400
534,535,2025-12-12 11:45:31.967171
535,536,2025-12-12 11:45:31.973207
536,537,2025-12-12 11:45:31.980273
537,538,2025-12-12 11:45:31.986580
538,539,2025-12-12 11:45:31.993095
539,540,2025-12-12 11:45:31.999115
540,541,2025-12-12 11:45:32.004123
541,542,2025-12-12 11:45:32.011066
542,543,2025-12-12 11:45:32.016086
543,544,2025-12-12 11:45:32.027971
544,545,2025-12-12 11:45:32.034496
545,546,2025-12-12 11:45:32.042590
546,547,2025-12-12 11:45:32.048624
547,548,2025-12-12 11:45:32.059598
548,549,2025-12-12 11:45:32.069602
549,550,2025-12-12 11:45:32.077057
550,551,2025-12-12 11:45:32.084420
551,552,2025-12-12 11:45:32.091422
552,553,2025-12-12 11:45:32.097451
553,554,2025-12-12 11:45:32.103515
554,555,2025-12-12 11:45:32.109051
555,556,2025-12-12 11:45:32.113959
556,557,2025-12-12 11:45:32.122926
557,558,2025-12-12 11:45:32.129996
558,559,2025-12-12 11:45:32.136508
559,560,2025-12-12 11:45:32.143615
560,561,2025-12-12 11:45:32.157588
561,562,2025-12-12 11:45:32.166600
562,563,2025-12-12 11:45:32.175623
563,564,2025-12-12 11:45:32.183002
564,565,2025-12-12 11:45:32.190033
565,566,2025-12-12 11:45:32.196211
566,567,2025-12-12 11:45:32.202878
567,568,2025-12-12 11:45:32.209874
568,569,2025-12-12 11:45:32.218216
569,570,2025-12-12 11:45:32.224504
570,571,2025-12-12 11:45:32.230959
571,572,2025-12-12 11:45:32.236483
572,573,2025-12-12 11:45:32.244097
573,574,2025-12-12 11:45:32.251420
574,575,2025-12-12 11:45:32.258281
575,576,2025-12-12 11:45:32.265435
576,577,2025-12-12 11:45:32.272482
577,578,2025-12-12 11:45:32.279701
578,579,2025-12-12 11:45:32.286698
579,580,2025-12-12 11:45:32.294096
580,581,2025-12-12 11:45:32.301100
581,582,2025-12-12 11:45:32.308097
582,583,2025-12-12 11:45:32.315620
583,584,2025-12-12 11:45:32.321627
584,585,2025-12-12 11:45:32.327846
585,586,2025-12-12 11:45:32.333055
586,587,2025-12-12 11:45:32.338847
587,588,2025-12-12 11:45:32.346966
588,589,2025-12-12 11:45:32.353497
589,590,2025-12-12 11:45:32.361642
590,591,2025-12-12 11:45:32.368682
591,592,2025-12-12 11:45:32.376672
592,593,2025-12-12 11:45:32.383016
593,594,2025-12-12 11:45:32.389555
594,595,2025-12-12 11:45:32.396030
595,596,2025-12-12 11:45:32.402034
596,597,2025-12-12 11:45:32.411703
597,598,2025-12-12 11:45:32.416881
598,599,2025-12-12 11:45:32.426637
599,600,2025-12-12 11:45:32.432208
600,601,2025-12-12 11:45:32.438257
601,602,2025-12-12 11:45:32.445986
602,603,2025-12-12 11:45:32.451865
603,604,2025-12-12 11:45:32.458951
604,605,2025-12-12 11:45:32.464920
605,606,2025-12-12 11:45:32.470955
606,607,2025-12-12 11:45:32.478172
607,608,2025-12-12 11:45:32.484063
608,609,2025-12-12 11:45:32.491153
609,610,2025-12-12 11:45:32.498152
610,611,2025-12-12 11:45:32.504123
611,612,2025-12-12 11:45:32.511502
612,613,2025-12-12 11:45:32.517494
613,614,2025-12-12 11:45:32.523492
614,615,2025-12-12 11:45:32.530736
615,616,2025-12-12 11:45:32.539310
616,617,2025-12-12 11:45:32.545328
617,618,2025-12-12 11:45:32.551308
618,619,2025-12-12 11:45:32.557371
619,620,2025-12-12 11:45:32.563307
620,621,2025-12-12 11:45:32.570850
621,622,2025-12-12 11:45:32.577105
622,623,2025-12-12 11:45:32.587177
623,624,2025-12-12 11:45:32.594745
624,625,2025-12-12 11:45:32.600823
625,626,2025-12-12 11:45:32.609091
626,627,2025-12-12 11:45:32.616145
627,628,2025-12-12 11:45:32.624701
628,629,2025-12-12 11:45:32.632835
629,630,2025-12-12 11:45:32.641216
630,631,2025-12-12 11:45:32.648293
631,632,2025-12-12 11:45:32.654343
632,633,2025-12-12 11:45:32.660454
633,634,2025-12-12 11:45:32.667500
634,635,2025-12-12 11:45:32.674497
635,636,2025-12-12 11:45:32.681498
636,637,2025-12-12 11:45:32.688910
637,638,2025-12-12 11:45:32.695910
638,639,2025-12-12 11:45:32.702462
639,640,2025-12-12 11:45:32.710820
640,641,2025-12-12 11:45:32.717497
641,642,2025-12-12 11:45:32.724562
642,643,2025-12-12 11:45:32.732565
643,644,2025-12-12 11:45:32.739081
644,645,2025-12-12 11:45:32.745082
645,646,2025-12-12 11:45:32.751105
646,647,2025-12-12 11:45:32.757086
647,648,2025-12-12 11:45:32.763082
648,649,2025-12-12 11:45:32.769083
649,650,2025-12-12 11:45:32.775082
650,651,2025-12-12 11:45:32.781118
651,652,2025-12-12 11:45:32.793085
652,653,2025-12-12 11:45:32.803090
653,654,2025-12-12 11:45:32.811513
654,655,2025-12-12 11:45:32.818521
655,656,2025-12-12 11:45:32.825520
656,657,2025-12-12 11:45:32.831918
657,658,2025-12-12 11:45:32.845738
658,659,2025-12-12 11:45:32.854818
659,660,2025-12-12 11:45:32.860837
660,661,2025-12-12 11:45:32.865812
661,662,2025-12-12 11:45:32.874142
662,663,2025-12-12 11:45:32.879165
663,664,2025-12-12 11:45:32.884142
664,665,2025-12-12 11:45:32.890143
665,666,2025-12-12 11:45:32.896163
666,667,2025-12-12 11:45:32.901142
667,668,2025-12-12 11:45:32.907142
668,669,2025-12-12 11:45:32.913188
669,670,2025-12-12 11:45:32.921488
670,671,2025-12-12 11:45:32.927585
671,672,2025-12-12 11:45:32.933368
672,673,2025-12-12 11:45:32.940262
673,674,2025-12-12 11:45:32.946671
674,675,2025-12-12 11:45:32.954071
675,676,2025-12-12 11:45:32.961304
676,677,2025-12-12 11:45:32.968255
677,678,2025-12-12 11:45:32.975363
678,679,2025-12-12 11:45:32.982501
679,680,2025-12-12 11:45:32.989269
680,681,2025-12-12 11:45:32.995907
681,682,2025-12-12 11:45:33.003572
682,683,2025-12-12 11:45:33.010668
683,684,2025-12-12 11:45:33.017110
684,685,2025-12-12 11:45:33.023908
685,686,2025-12-12 11:45:33.030107
686,687,2025-12-12 11:45:33.036044
687,688,2025-12-12 11:45:33.044422
688,689,2025-12-12 11:45:33.051711
689,690,2025-12-12 11:45:33.059278
690,691,2025-12-12 11:45:33.065935
691,692,2025-12-12 11:45:33.072774
692,693,2025-12-12 11:45:33.080771
693,694,2025-12-12 11:45:33.088192
694,695,2025-12-12 11:45:33.096229
695,696,2025-12-12 11:45:33.103285
696,697,2025-12-12 11:45:33.109595
697,698,2025-12-12 11:45:33.115751
698,699,2025-12-12 11:45:33.122155
699,700,2025-12-12 11:45:33.131505
700,701,2025-12-12 11:45:33.137529
701,702,2025-12-12 11:45:33.146569
702,703,2025-12-12 11:45:33.152572
703,704,2025-12-12 11:45:33.158534
704,705,2025-12-12 11:45:33.164580
705,706,2025-12-12 11:45:33.171736
706,707,2025-12-12 11:45:33.180472
707,708,2025-12-12 11:45:33.186480
708,709,2025-12-12 11:45:33.193112
709,710,2025-12-12 11:45:33.199826
710,711,2025-12-12 11:45:33.205869
711,712,2025-12-12 11:45:33.212499
712,713,2025-12-12 11:45:33.218858
713,714,2025-12-12 11:45:33.227054
714,715,2025-12-12 11:45:33.232874
715,716,2025-12-12 11:45:33.239513
716,717,2025-12-12 11:45:33.246790
717,718,2025-12-12 11:45:33.253673
718,719,2025-12-12 11:45:33.260269
719,720,2025-12-12 11:45:33.265778
720,721,2025-12-12 11:45:33.275893
721,722,2025-12-12 11:45:33.281550
722,723,2025-12-12 11:45:33.290746
723,724,2025-12-12 11:45:33.297481
724,725,2025-12-12 11:45:33.306181
725,726,2025-12-12 11:45:33.314415
726,727,2025-12-12 11:45:33.320289
727,728,2025-12-12 11:45:33.327975
728,729,2025-12-12 11:45:33.334379
729,730,2025-12-12 11:45:33.340585
730,731,2025-12-12 11:45:33.347172
731,732,2025-12-12 11:45:33.357042
732,733,2025-12-12 11:45:33.363761
733,734,2025-12-12 11:45:33.373171
734,735,2025-12-12 11:45:33.380944
735,736,2025-12-12 11:45:33.388548
736,737,2025-12-12 11:45:33.395580
737,738,2025-12-12 11:45:33.401100
738,739,2025-12-12 11:45:33.408618
739,740,2025-12-12 11:45:33.415617
740,741,2025-12-12 11:45:33.422860
741,742,2025-12-12 11:45:33.429339
742,743,2025-12-12 11:45:33.437386
743,744,2025-12-12 11:45:33.444897
744,745,2025-12-12 11:45:33.450331
745,746,2025-12-12 11:45:33.459086
746,747,2025-12-12 11:45:33.466065
747,748,2025-12-12 11:45:33.473421
748,749,2025-12-12 11:45:33.479955
749,750,2025-12-12 11:45:33.485987
750,751,2025-12-12 11:45:33.498534
751,752,2025-12-12 11:45:33.508407
752,753,2025-12-12 11:45:33.515926
753,754,2025-12-12 11:45:33.523441
754,755,2025-12-12 11:45:33.529542
755,756,2025-12-12 11:45:33.536092
756,757,2025-12-12 11:45:33.544218
757,758,2025-12-12 11:45:33.551252
758,759,2025-12-12 11:45:33.557735
759,760,2025-12-12 11:45:33.563248
760,761,2025-12-12 11:45:33.569277
761,762,2025-12-12 11:45:33.580839
762,763,2025-12-12 11:45:33.589370
763,764,2025-12-12 11:45:33.595890
764,765,2025-12-12 11:45:33.604076
765,766,2025-12-12 11:45:33.611563
766,767,2025-12-12 11:45:33.618071
767,768,2025-12-12 11:45:33.624068
768,769,2025-12-12 11:45:33.629732
769,770,2025-12-12 11:45:33.634791
770,771,2025-12-12 11:45:33.643396
771,772,2025-12-12 11:45:33.650535
772,773,2025-12-12 11:45:33.657045
773,774,2025-12-12 11:45:33.664195
774,775,2025-12-12 11:45:33.669734
775,776,2025-12-12 11:45:33.678481
776,777,2025-12-12 11:45:33.684522
777,778,2025-12-12 11:45:33.692201
778,779,2025-12-12 11:45:33.697599
779,780,2025-12-12 11:45:33.706723
780,781,2025-12-12 11:45:33.713258
781,782,2025-12-12 11:45:33.718764
782,783,2025-12-12 11:45:33.726325
783,784,2025-12-12 11:45:33.733045
784,785,2025-12-12 11:45:33.740705
785,786,2025-12-12 11:45:33.748038
786,787,2025-12-12 11:45:33.755220
787,788,2025-12-12 11:45:33.761808
788,789,2025-12-12 11:45:33.768836
789,790,2025-12-12 11:45:33.777592
790,791,2025-12-12 11:45:33.785292
791,792,2025-12-12 11:45:33.793486
792,793,2025-12-12 11:45:33.801084
793,794,2025-12-12 11:45:33.808524
794,795,2025-12-12 11:45:33.815434
795,796,2025-12-12 11:45:33.823845
796,797,2025-12-12 11:45:33.830847
797,798,2025-12-12 11:45:33.838931
798,799,2025-12-12 11:45:33.846471
799,800,2025-12-12 11:45:33.854004
800,801,2025-12-12 11:45:33.861012
801,802,2025-12-12 11:45:33.867530
802,803,2025-12-12 11:45:33.873151
803,804,2025-12-12 11:45:33.882998
804,805,2025-12-12 11:45:33.889172
805,806,2025-12-12 11:45:33.910771
806,807,2025-12-12 11:45:33.918311
807,808,2025-12-12 11:45:33.924802
808,809,2025-12-12 11:45:33.931896
809,810,2025-12-12 11:45:33.937623
810,811,2025-12-12 11:45:33.946487
811,812,2025-12-12 11:45:33.951028
812,813,2025-12-12 11:45:33.961421
813,814,2025-12-12 11:45:33.967230
814,815,2025-12-12 11:45:33.973956
815,816,2025-12-12 11:45:33.979513
816,817,2025-12-12 11:45:33.985985
817,818,2025-12-12 11:45:33.994231
818,819,2025-12-12 11:45:33.999954
819,820,2025-12-12 11:45:34.006737
820,821,2025-12-12 11:45:34.012930
821,822,2025-12-12 11:45:34.018305
822,823,2025-12-12 11:45:34.028819
823,824,2025-12-12 11:45:34.034888
824,825,2025-12-12 11:45:34.044467
825,826,2025-12-12 11:45:34.050159
826,827,2025-12-12 11:45:34.059731
827,828,2025-12-12 11:45:34.066417
828,829,2025-12-12 11:45:34.074345
829,830,2025-12-12 11:45:34.081554
830,831,2025-12-12 11:45:34.088691
831,832,2025-12-12 11:45:34.096287
832,833,2025-12-12 11:45:34.102766
833,834,2025-12-12 11:45:34.108770
834,835,2025-12-12 11:45:34.115199
835,836,2025-12-12 11:45:34.123770
836,837,2025-12-12 11:45:34.131976
837,838,2025-12-12 11:45:34.139219
838,839,2025-12-12 11:45:34.148197
839,840,2025-12-12 11:45:34.156040
840,841,2025-12-12 11:45:34.164561
841,842,2025-12-12 11:45:34.172101
842,843,2025-12-12 11:45:34.180577
843,844,2025-12-12 11:45:34.186050
844,845,2025-12-12 11:45:34.194049
845,846,2025-12-12 11:45:34.200493
846,847,2025-12-12 11:45:34.208266
847,848,2025-12-12 11:45:34.214569
848,849,2025-12-12 11:45:34.220757
849,850,2025-12-12 11:45:34.228229
850,851,2025-12-12 11:45:34.234744
851,852,2025-12-12 11:45:34.245253
852,853,2025-12-12 11:45:34.253381
853,854,2025-12-12 11:45:34.260903
854,855,2025-12-12 11:45:34.267596
855,856,2025-12-12 11:45:34.273597
856,857,2025-12-12 11:45:34.279281
857,858,2025-12-12 11:45:34.285300
858,859,2025-12-12 11:45:34.291339
859,860,2025-12-12 11:45:34.298340
860,861,2025-12-12 11:45:34.304998
861,862,2025-12-12 11:45:34.311713
862,863,2025-12-12 11:45:34.317831
863,864,2025-12-12 11:45:34.324665
864,865,2025-12-12 11:45:34.331386
865,866,2025-12-12 11:45:34.338037
866,867,2025-12-12 11:45:34.344462
867,868,2025-12-12 11:45:34.349579
868,869,2025-12-12 11:45:34.355167
869,870,2025-12-12 11:45:34.362877
870,871,2025-12-12 11:45:34.369900
871,872,2025-12-12 11:45:34.376274
872,873,2025-12-12 11:45:34.381814
873,874,2025-12-12 11:45:34.387064
874,875,2025-12-12 11:45:34.394953
875,876,2025-12-12 11:45:34.400620
876,877,2025-12-12 11:45:34.410732
877,878,2025-12-12 11:45:34.416999
878,879,2025-12-12 11:45:34.423559
879,880,2025-12-12 11:45:34.429664
880,881,2025-12-12 11:45:34.435732
881,882,2025-12-12 11:45:34.443405
882,883,2025-12-12 11:45:34.448534
883,884,2025-12-12 11:45:34.459117
884,885,2025-12-12 11:45:34.465087
885,886,2025-12-12 11:45:34.472121
886,887,2025-12-12 11:45:34.478090
887,888,2025-12-12 11:45:34.484555
888,889,2025-12-12 11:45:34.492782
889,890,2025-12-12 11:45:34.500811
890,891,2025-12-12 11:45:34.509115
891,892,2025-12-12 11:45:34.515932
892,893,2025-12-12 11:45:34.523548
893,894,2025-12-12 11:45:34.530549
894,895,2025-12-12 11:45:34.536152
895,896,2025-12-12 11:45:34.544261
896,897,2025-12-12 11:45:34.551799
897,898,2025-12-12 11:45:34.559799
898,899,2025-12-12 11:45:34.564798
899,900,2025-12-12 11:45:34.573318
900,901,2025-12-12 11:45:34.579594
901,902,2025-12-12 11:45:34.586327
902,903,2025-12-12 11:45:34.594648
903,904,2025-12-12 11:45:34.600998
904,905,2025-12-12 11:45:34.611338
905,906,2025-12-12 11:45:34.618030
906,907,2025-12-12 11:45:34.626614
907,908,2025-12-12 11:45:34.633749
908,909,2025-12-12 11:45:34.641273
909,910,2025-12-12 11:45:34.648273
910,911,2025-12-12 11:45:34.656274
911,912,2025-12-12 11:45:34.663280
912,913,2025-12-12 11:45:34.670691
913,914,2025-12-12 11:45:34.677206
914,915,2025-12-12 11:45:34.683263
915,916,2025-12-12 11:45:34.690636
916,917,2025-12-12 11:45:34.696185
917,918,2025-12-12 11:45:34.702322
918,919,2025-12-12 11:45:34.708708
919,920,2025-12-12 11:45:34.714695
920,921,2025-12-12 11:45:34.721013
921,922,2025-12-12 11:45:34.730505
922,923,2025-12-12 11:45:34.736682
923,924,2025-12-12 11:45:34.743151
924,925,2025-12-12 11:45:34.749661
925,926,2025-12-12 11:45:34.762273
926,927,2025-12-12 11:45:34.770777
927,928,2025-12-12 11:45:34.777772
928,929,2025-12-12 11:45:34.783854
929,930,2025-12-12 11:45:34.796095
930,931,2025-12-12 11:45:34.806753
931,932,2025-12-12 11:45:34.814942
932,933,2025-12-12 11:45:34.822150
933,934,2025-12-12 11:45:34.828150
934,935,2025-12-12 11:45:34.833240
935,936,2025-12-12 11:45:34.843108
936,937,2025-12-12 11:45:34.849178
937,938,2025-12-12 11:45:34.858603
938,939,2025-12-12 11:45:34.863696
939,940,2025-12-12 11:45:34.868569
940,941,2025-12-12 11:45:34.875846
941,942,2025-12-12 11:45:34.882718
942,943,2025-12-12 11:45:34.892797
943,944,2025-12-12 11:45:34.898771
944,945,2025-12-12 11:45:34.908880
945,946,2025-12-12 11:45:34.917474
946,947,2025-12-12 11:45:34.922814
947,948,2025-12-12 11:45:34.929539
948,949,2025-12-12 11:45:34.936048
949,950,2025-12-12 11:45:34.943055
950,951,2025-12-12 11:45:34.949626
951,952,2025-12-12 11:45:34.955280
952,953,2025-12-12 11:45:34.962936
953,954,2025-12-12 11:45:34.968145
954,955,2025-12-12 11:45:34.976341
955,956,2025-12-12 11:45:34.983342
956,957,2025-12-12 11:45:34.990385
957,958,2025-12-12 11:45:34.996875
958,959,2025-12-12 11:45:35.003247
959,960,2025-12-12 11:45:35.009401
960,961,2025-12-12 11:45:35.015674
961,962,2025-12-12 11:45:35.021781
962,963,2025-12-12 11:45:35.027685
963,964,2025-12-12 11:45:35.033681
964,965,2025-12-12 11:45:35.039878
965,966,2025-12-12 11:45:35.045778
966,967,2025-12-12 11:45:35.050839
967,968,2025-12-12 11:45:35.057254
968,969,2025-12-12 11:45:35.066103
969,970,2025-12-12 11:45:35.072104
970,971,2025-12-12 11:45:35.081777
971,972,2025-12-12 11:45:35.087309
972,973,2025-12-12 11:45:35.094345
973,974,2025-12-12 11:45:35.100308
974,975,2025-12-12 11:45:35.106243
975,976,2025-12-12 11:45:35.113244
976,977,2025-12-12 11:45:35.118281
977,978,2025-12-12 11:45:35.124410
978,979,2025-12-12 11:45:35.130403
979,980,2025-12-12 11:45:35.135911
980,981,2025-12-12 11:45:35.141198
981,982,2025-12-12 11:45:35.147234
982,983,2025-12-12 11:45:35.152821
983,984,2025-12-12 11:45:35.161832
984,985,2025-12-12 11:45:35.167258
985,986,2025-12-12 11:45:35.173812
986,987,2025-12-12 11:45:35.179912
987,988,2025-12-12 11:45:35.186232
988,989,2025-12-12 11:45:35.194326
989,990,2025-12-12 11:45:35.201452
990,991,2025-12-12 11:45:35.209666
991,992,2025-12-12 11:45:35.215481
992,993,2025-12-12 11:45:35.221415
993,994,2025-12-12 11:45:35.225378
994,995,2025-12-12 11:45:35.233143
995,996,2025-12-12 11:45:35.240234
996,997,2025-12-12 11:45:35.247296
997,998,2025-12-12 11:45:35.254298
998,999,2025-12-12 11:45:35.261260
999,1000,2025-12-12 11:45:35.268261
1000,1001,2025-12-12 11:45:35.276441
1001,1002,2025-12-12 11:45:35.283816
1002,1003,2025-12-12 11:45:35.291412
1003,1004,2025-12-12 11:45:35.297979
1004,1005,2025-12-12 11:45:35.304381
1005,1006,2025-12-12 11:45:35.313015
1006,1007,2025-12-12 11:45:35.318434
1007,1008,2025-12-12 11:45:35.328727
1008,1009,2025-12-12 11:45:35.335033
1009,1010,2025-12-12 11:45:35.342875
1010,1011,2025-12-12 11:45:35.349411
1011,1012,2025-12-12 11:45:35.356824
1012,1013,2025-12-12 11:45:35.363876
1013,1014,2025-12-12 11:45:35.371736
1014,1015,2025-12-12 11:45:35.379049
1015,1016,2025-12-12 11:45:35.384686
1016,1017,2025-12-12 11:45:35.392957
1017,1018,2025-12-12 11:45:35.400090
1018,1019,2025-12-12 11:45:35.407237
1019,1020,2025-12-12 11:45:35.413107
1020,1021,2025-12-12 11:45:35.419145
1021,1022,2025-12-12 11:45:35.426323
1022,1023,2025-12-12 11:45:35.432610
1023,1024,2025-12-12 11:45:35.439420
1024,1025,2025-12-12 11:45:35.451314
1025,1026,2025-12-12 11:45:35.461873
1026,1027,2025-12-12 11:45:35.469398
1027,1028,2025-12-12 11:45:35.476436
1028,1029,2025-12-12 11:45:35.483516
1029,1030,2025-12-12 11:45:35.489019
1030,1031,2025-12-12 11:45:35.498217
1031,1032,2025-12-12 11:45:35.504599
1032,1033,2025-12-12 11:45:35.514812
1033,1034,2025-12-12 11:45:35.519979
1034,1035,2025-12-12 11:45:35.529536
1035,1036,2025-12-12 11:45:35.534671
1036,1037,2025-12-12 11:45:35.546852
1037,1038,2025-12-12 11:45:35.553168
1038,1039,2025-12-12 11:45:35.562530
1039,1040,2025-12-12 11:45:35.567621
1040,1041,2025-12-12 11:45:35.573530
1041,1042,2025-12-12 11:45:35.579634
1042,1043,2025-12-12 11:45:35.584702
1043,1044,2025-12-12 11:45:35.593867
1044,1045,2025-12-12 11:45:35.599047
1045,1046,2025-12-12 11:45:35.605964
1046,1047,2025-12-12 11:45:35.612105
1047,1048,2025-12-12 11:45:35.617626
1048,1049,2025-12-12 11:45:35.626108
1049,1050,2025-12-12 11:45:35.631318
1050,1051,2025-12-12 11:45:35.636608
1051,1052,2025-12-12 11:45:35.643636
1052,1053,2025-12-12 11:45:35.649839
1053,1054,2025-12-12 11:45:35.654840
1054,1055,2025-12-12 11:45:35.661163
1055,1056,2025-12-12 11:45:35.667403
1056,1057,2025-12-12 11:45:35.674400
1057,1058,2025-12-12 11:45:35.680903
1058,1059,2025-12-12 11:45:35.686911
1059,1060,2025-12-12 11:45:35.694381
1060,1061,2025-12-12 11:45:35.699972
1061,1062,2025-12-12 11:45:35.707253
1062,1063,2025-12-12 11:45:35.713746
1063,1064,2025-12-12 11:45:35.719756
1064,1065,2025-12-12 11:45:35.726981
1065,1066,2025-12-12 11:45:35.732284
1066,1067,2025-12-12 11:45:35.739436
1067,1068,2025-12-12 11:45:35.744859
1068,1069,2025-12-12 11:45:35.750897
1069,1070,2025-12-12 11:45:35.756905
1070,1071,2025-12-12 11:45:35.762896
1071,1072,2025-12-12 11:45:35.770369
1072,1073,2025-12-12 11:45:35.779160
1073,1074,2025-12-12 11:45:35.786167
1074,1075,2025-12-12 11:45:35.792951
1075,1076,2025-12-12 11:45:35.797953
1076,1077,2025-12-12 11:45:35.804002
1077,1078,2025-12-12 11:45:35.810729
1078,1079,2025-12-12 11:45:35.818153
1079,1080,2025-12-12 11:45:35.824173
1080,1081,2025-12-12 11:45:35.829623
1081,1082,2025-12-12 11:45:35.835657
1082,1083,2025-12-12 11:45:35.842610
1083,1084,2025-12-12 11:45:35.849664
1084,1085,2025-12-12 11:45:35.855687
1085,1086,2025-12-12 11:45:35.860665
1086,1087,2025-12-12 11:45:35.866662
1087,1088,2025-12-12 11:45:35.872687
1088,1089,2025-12-12 11:45:35.878760
1089,1090,2025-12-12 11:45:35.884297
1090,1091,2025-12-12 11:45:35.889812
1091,1092,2025-12-12 11:45:35.898812
1092,1093,2025-12-12 11:45:35.904999
1093,1094,2025-12-12 11:45:35.912978
1094,1095,2025-12-12 11:45:35.919504
1095,1096,2025-12-12 11:45:35.927515
1096,1097,2025-12-12 11:45:35.934825
1097,1098,2025-12-12 11:45:35.941626
1098,1099,2025-12-12 11:45:35.948034
1099,1100,2025-12-12 11:45:35.953585
1100,1101,2025-12-12 11:45:35.959936
1101,1102,2025-12-12 11:45:35.965963
1102,1103,2025-12-12 11:45:35.971937
1103,1104,2025-12-12 11:45:35.979000
1104,1105,2025-12-12 11:45:35.985001
1105,1106,2025-12-12 11:45:35.993043
1106,1107,2025-12-12 11:45:35.999063
1107,1108,2025-12-12 11:45:36.005042
1108,1109,2025-12-12 11:45:36.011108
1109,1110,2025-12-12 11:45:36.016585
1110,1111,2025-12-12 11:45:36.023735
1111,1112,2025-12-12 11:45:36.029763
1112,1113,2025-12-12 11:45:36.036028
1113,1114,2025-12-12 11:45:36.043381
1114,1115,2025-12-12 11:45:36.048886
1115,1116,2025-12-12 11:45:36.053967
1116,1117,2025-12-12 11:45:36.061481
1117,1118,2025-12-12 11:45:36.067116
1118,1119,2025-12-12 11:45:36.075508
1119,1120,2025-12-12 11:45:36.081510
1120,1121,2025-12-12 11:45:36.088100
1121,1122,2025-12-12 11:45:36.093457
1122,1123,2025-12-12 11:45:36.099656
1123,1124,2025-12-12 11:45:36.107743
1124,1125,2025-12-12 11:45:36.113901
1125,1126,2025-12-12 11:45:36.117897
1126,1127,2025-12-12 11:45:36.126402
1127,1128,2025-12-12 11:45:36.133617
1128,1129,2025-12-12 11:45:36.140304
1129,1130,2025-12-12 11:45:36.146333
1130,1131,2025-12-12 11:45:36.152339
1131,1132,2025-12-12 11:45:36.158891
1132,1133,2025-12-12 11:45:36.163946
1133,1134,2025-12-12 11:45:36.169914
1134,1135,2025-12-12 11:45:36.175530
1135,1136,2025-12-12 11:45:36.180416
1136,1137,2025-12-12 11:45:36.186398
1137,1138,2025-12-12 11:45:36.192720
1138,1139,2025-12-12 11:45:36.204586
1139,1140,2025-12-12 11:45:36.213616
1140,1141,2025-12-12 11:45:36.221054
1141,1142,2025-12-12 11:45:36.228160
1142,1143,2025-12-12 11:45:36.234163
1143,1144,2025-12-12 11:45:36.240834
1144,1145,2025-12-12 11:45:36.246796
1145,1146,2025-12-12 11:45:36.253800
1146,1147,2025-12-12 11:45:36.260838
1147,1148,2025-12-12 11:45:36.266833
1148,1149,2025-12-12 11:45:36.273405
1149,1150,2025-12-12 11:45:36.278302
1150,1151,2025-12-12 11:45:36.283867
1151,1152,2025-12-12 11:45:36.290347
1152,1153,2025-12-12 11:45:36.298350
1153,1154,2025-12-12 11:45:36.304594
1154,1155,2025-12-12 11:45:36.309500
1155,1156,2025-12-12 11:45:36.314613
1156,1157,2025-12-12 11:45:36.320180
1157,1158,2025-12-12 11:45:36.342381
1158,1159,2025-12-12 11:45:36.352875
1159,1160,2025-12-12 11:45:36.359907
1160,1161,2025-12-12 11:45:36.365950
1161,1162,2025-12-12 11:45:36.378095
1162,1163,2025-12-12 11:45:36.389649
1163,1164,2025-12-12 11:45:36.397814
1164,1165,2025-12-12 11:45:36.405773
1165,1166,2025-12-12 11:45:36.412408
1166,1167,2025-12-12 11:45:36.417828
1167,1168,2025-12-12 11:45:36.425553
1168,1169,2025-12-12 11:45:36.432967
1169,1170,2025-12-12 11:45:36.440074
1170,1171,2025-12-12 11:45:36.446526
1171,1172,2025-12-12 11:45:36.451958
1172,1173,2025-12-12 11:45:36.459948
1173,1174,2025-12-12 11:45:36.465386
1174,1175,2025-12-12 11:45:36.473017
1175,1176,2025-12-12 11:45:36.479849
1176,1177,2025-12-12 11:45:36.485281
1177,1178,2025-12-12 11:45:36.492901
1178,1179,2025-12-12 11:45:36.500121
1179,1180,2025-12-12 11:45:36.508291
1180,1181,2025-12-12 11:45:36.514856
1181,1182,2025-12-12 11:45:36.521364
1182,1183,2025-12-12 11:45:36.527386
1183,1184,2025-12-12 11:45:36.532447
1184,1185,2025-12-12 11:45:36.538644
1185,1186,2025-12-12 11:45:36.544181
1186,1187,2025-12-12 11:45:36.549628
1187,1188,2025-12-12 11:45:36.555994
1188,1189,2025-12-12 11:45:36.562010
1189,1190,2025-12-12 11:45:36.571013
1190,1191,2025-12-12 11:45:36.577103
1191,1192,2025-12-12 11:45:36.584971
1192,1193,2025-12-12 11:45:36.591235
1193,1194,2025-12-12 11:45:36.596143
1194,1195,2025-12-12 11:45:36.602104
1195,1196,2025-12-12 11:45:36.608238
1196,1197,2025-12-12 11:45:36.615195
1197,1198,2025-12-12 11:45:36.622307
1198,1199,2025-12-12 11:45:36.627640
1199,1200,2025-12-12 11:45:36.634374
1200,1201,2025-12-12 11:45:36.640059
1201,1202,2025-12-12 11:45:36.646269
1202,1203,2025-12-12 11:45:36.651236
1203,1204,2025-12-12 11:45:36.657373
1204,1205,2025-12-12 11:45:36.665266
1205,1206,2025-12-12 11:45:36.670915
1206,1207,2025-12-12 11:45:36.676818
1207,1208,2025-12-12 11:45:36.681822
1208,1209,2025-12-12 11:45:36.687967
1209,1210,2025-12-12 11:45:36.698080
1210,1211,2025-12-12 11:45:36.707298
1211,1212,2025-12-12 11:45:36.714283
1212,1213,2025-12-12 11:45:36.721360
1213,1214,2025-12-12 11:45:36.727294
1214,1215,2025-12-12 11:45:36.732424
1215,1216,2025-12-12 11:45:36.737945
1216,1217,2025-12-12 11:45:36.747466
1217,1218,2025-12-12 11:45:36.752597
1218,1219,2025-12-12 11:45:36.761521
1219,1220,2025-12-12 11:45:36.766679
1220,1221,2025-12-12 11:45:36.772747
1221,1222,2025-12-12 11:45:36.779153
1222,1223,2025-12-12 11:45:36.784742
1223,1224,2025-12-12 11:45:36.791333
1224,1225,2025-12-12 11:45:36.796462
1225,1226,2025-12-12 11:45:36.805811
1226,1227,2025-12-12 11:45:36.811960
1227,1228,2025-12-12 11:45:36.818562
1228,1229,2025-12-12 11:45:36.824905
1229,1230,2025-12-12 11:45:36.831153
1230,1231,2025-12-12 11:45:36.837261
1231,1232,2025-12-12 11:45:36.843777
1232,1233,2025-12-12 11:45:36.849823
1233,1234,2025-12-12 11:45:36.857170
1234,1235,2025-12-12 11:45:36.864197
1235,1236,2025-12-12 11:45:36.870348
1236,1237,2025-12-12 11:45:36.877649
1237,1238,2025-12-12 11:45:36.883837
1238,1239,2025-12-12 11:45:36.890433
1239,1240,2025-12-12 11:45:36.897757
1240,1241,2025-12-12 11:45:36.903937
1241,1242,2025-12-12 11:45:36.909998
1242,1243,2025-12-12 11:45:36.915971
1243,1244,2025-12-12 11:45:36.921974
1244,1245,2025-12-12 11:45:36.928019
1245,1246,2025-12-12 11:45:36.933477
1246,1247,2025-12-12 11:45:36.940040
1247,1248,2025-12-12 11:45:36.951575
1248,1249,2025-12-12 11:45:36.963573
1249,1250,2025-12-12 11:45:36.970576
1250,1251,2025-12-12 11:45:36.978573
1251,1252,2025-12-12 11:45:36.985574
1252,1253,2025-12-12 11:45:36.991974
1253,1254,2025-12-12 11:45:36.997723
1254,1255,2025-12-12 11:45:37.001731
1255,1256,2025-12-12 11:45:37.008753
1256,1257,2025-12-12 11:45:37.019724
1257,1258,2025-12-12 11:45:37.029832
1258,1259,2025-12-12 11:45:37.038374
1259,1260,2025-12-12 11:45:37.045205
1260,1261,2025-12-12 11:45:37.050721
1261,1262,2025-12-12 11:45:37.056747
1262,1263,2025-12-12 11:45:37.061722
1263,1264,2025-12-12 11:45:37.067736
1264,1265,2025-12-12 11:45:37.078951
1265,1266,2025-12-12 11:45:37.089968
1266,1267,2025-12-12 11:45:37.097965
1267,1268,2025-12-12 11:45:37.103965
1268,1269,2025-12-12 11:45:37.109963
1269,1270,2025-12-12 11:45:37.114965
1270,1271,2025-12-12 11:45:37.119964
1271,1272,2025-12-12 11:45:37.129752
1272,1273,2025-12-12 11:45:37.134757
1273,1274,2025-12-12 11:45:37.142627
1274,1275,2025-12-12 11:45:37.148628
1275,1276,2025-12-12 11:45:37.155627
1276,1277,2025-12-12 11:45:37.162852
1277,1278,2025-12-12 11:45:37.168968
1278,1279,2025-12-12 11:45:37.176264
1279,1280,2025-12-12 11:45:37.182787
1280,1281,2025-12-12 11:45:37.188835
